symbol,close,volume,high,low,open,ema_4,ema_9,ema_18,ema_50,ema_200,above_ema_9,above_ema_50,above_ema_200,ema_trend
WAAREEENER,3172.6,9416768,3291.0,3158.0,3188.0,3164.97,3168.09,3170.26,3171.16,3170.87,True,True,True,bearish
HDFCBANK,2021.6,9947848,2026.5,1996.3,1999.9,2013.45,2007.4,2002.38,1998.13,1996.16,True,True,True,bullish
AXISBANK,1064.2,15599773,1078.7,1055.4,1070.9,1078.17,1097.47,1119.25,1144.74,1160.02,False,False,False,bearish
RELIANCE,1417.1,10750072,1420.2,1383.0,1383.0,1405.93,1411.02,1417.26,1423.73,1427.29,True,False,False,bearish
TCS,3056.0,4785312,3074.0,3041.2,3060.0,3095.4,3123.03,3138.85,3150.8,3156.3,False,False,False,bearish
ICICIBANK,1486.2,9776027,1489.8,1475.4,1479.9,1482.82,1471.05,1457.36,1442.42,1433.97,True,True,True,bullish
INDUSINDBK,808.2,16766666,818.85,790.0,800.0,818.37,833.89,844.16,850.63,852.48,False,False,False,bearish
MAZDOCK,2720.4,4587434,2767.0,2645.0,2695.5,2811.89,2902.58,3005.07,3139.18,3227.47,False,False,False,bearish
VBL,512.15,24363407,514.8,478.05,486.1,495.35,487.74,479.78,469.32,462.48,True,True,True,bullish
INFY,1513.7,7070448,1517.2,1496.1,1512.9,1526.12,1545.53,1560.79,1574.61,1581.73,False,False,False,bearish
AMBER,7810.5,1350156,8008.5,7252.0,7465.0,7561.64,7522.33,7565.97,7657.1,7724.79,True,True,True,bullish
APARINDS,9681.5,1057407,9855.0,8501.0,8650.0,9217.12,9110.03,9034.29,8957.45,8915.42,True,True,True,bullish
BAJFINANCE,886.55,11323854,894.0,873.5,875.05,903.98,919.74,925.96,928.29,928.48,False,False,False,bearish
KOTAKBANK,1972.7,5043934,1979.7,1953.0,1967.0,2032.76,2089.45,2128.25,2163.07,2181.38,False,False,False,bearish
BEL,388.25,25307639,390.75,378.0,390.0,392.04,396.63,401.55,407.81,411.87,False,False,False,bearish
TATACHEM,1000.0,9619563,1004.9,949.0,950.55,965.58,953.95,944.29,933.73,927.58,True,True,True,bullish
HCLTECH,1472.4,6223556,1477.5,1461.0,1466.1,1484.52,1513.47,1553.56,1609.97,1648.18,False,False,False,bearish
JIOFIN,321.1,27086587,322.5,306.3,306.3,315.18,316.03,319.51,325.48,329.83,True,False,False,bearish
ETERNAL,306.55,23521231,307.2,300.0,305.0,305.49,295.91,284.75,272.51,265.5,True,True,True,bullish
BHARTIARTL,1918.3,3748040,1923.6,1880.0,1880.0,1916.79,1920.87,1924.79,1929.75,1932.94,False,False,False,bearish
BSE,2487.1,2601305,2500.0,2438.0,2450.0,2484.46,2491.88,2488.03,2477.36,2469.49,False,True,True,bearish
HAL,4498.0,1431472,4519.0,4401.0,4470.1,4555.4,4642.74,4730.1,4830.64,4891.79,False,False,False,bearish
TRENT,5001.5,1285403,5052.0,4957.5,4994.0,5066.32,5175.83,5266.9,5358.62,5411.0,False,False,False,bearish
TORNTPHARM,3768.1,1677573,3784.8,3660.2,3660.2,3656.19,3580.15,3506.83,3417.93,3361.67,True,True,True,bullish
IEX,134.65,46588839,138.54,132.0,137.3,144.7,162.83,179.1,194.88,203.3,False,False,False,bearish
SBIN,799.2,7833759,800.0,793.1,796.2,803.97,810.34,814.01,815.97,816.4,False,False,False,bearish
M&M,3199.4,1824673,3225.9,3186.6,3203.0,3219.65,3217.68,3201.08,3179.23,3166.88,False,True,True,bullish
GODIGIT,360.8,15881023,374.75,352.2,354.0,354.18,353.05,350.72,346.5,343.33,True,True,True,bullish
COFORGE,1720.5,3254411,1726.9,1694.0,1710.0,1731.13,1772.86,1813.69,1855.55,1878.93,False,False,False,bearish
LODHA,1246.5,4143162,1256.0,1211.1,1211.1,1267.48,1320.76,1360.34,1392.27,1406.87,False,False,False,bearish
PAYTM,1073.1,4756985,1094.85,1064.2,1094.2,1076.24,1054.91,1022.83,979.82,951.76,True,True,True,bullish
HDFCAMC,5627.5,816296,5673.0,5517.5,5536.0,5588.04,5536.42,5446.78,5321.22,5239.74,True,True,True,bullish
LAURUSLABS,909.85,4989767,913.7,875.65,889.0,877.01,852.69,833.4,811.96,798.72,True,True,True,bullish
SHRIRAMFIN,638.35,6858651,643.35,626.55,632.0,635.32,642.3,651.67,662.69,669.24,False,False,False,bearish
LT,3495.6,1241060,3504.3,3406.5,3418.0,3466.98,3470.76,3478.05,3486.79,3492.0,True,True,True,bearish
TATAMOTORS,692.35,6239871,694.0,680.6,681.9,688.96,687.69,688.18,691.25,694.24,True,True,False,bullish
CDSL,1539.7,2790287,1550.7,1516.2,1522.9,1580.37,1632.01,1671.62,1712.78,1737.5,False,False,False,bearish
ASIANPAINT,2401.5,1742815,2418.3,2325.0,2359.0,2374.56,2373.99,2379.65,2387.24,2391.78,True,True,True,bullish
MCX,7839.5,469132,7864.5,7614.0,7724.0,7928.52,8057.6,8154.15,8251.56,8309.07,False,False,False,bearish
INDIGO,5756.0,634249,5795.0,5703.0,5725.5,5790.65,5832.22,5866.56,5902.17,5922.68,False,False,False,bearish
BOSCHLTD,39915.0,89125,40120.0,37615.0,37700.0,38793.41,38318.29,37802.37,37010.45,36435.42,True,True,True,bullish
MARUTI,12469.0,285115,12507.0,12268.0,12340.0,12444.27,12468.03,12490.19,12515.12,12530.16,True,False,False,bearish
ADANIGREEN,1015.6,3489498,1022.9,993.5,1007.0,1009.3,1013.22,1012.57,1005.6,998.85,True,True,True,bearish
CANBK,110.09,32038885,111.39,109.53,110.01,110.55,111.23,111.84,112.26,112.37,False,False,False,bearish
RBLBANK,255.75,13017455,257.05,250.68,253.55,255.54,257.22,257.84,256.78,255.35,False,False,True,bearish
SUZLON,61.79,53322991,62.61,59.95,60.69,62.7,64.03,64.9,65.57,65.87,False,False,False,bearish
WIPRO,251.8,12923128,252.7,247.25,249.2,254.52,257.08,257.98,257.94,257.59,False,False,False,bearish
DIXON,16784.0,191247,16814.0,16584.0,16744.0,16696.58,16499.48,16284.68,16044.06,15902.91,True,True,True,bullish
PPLPHARMA,205.61,15371658,210.5,193.25,197.0,204.88,205.77,205.55,203.52,201.54,False,True,True,bearish
COROMANDEL,2495.4,1229394,2537.8,2401.3,2401.8,2441.93,2403.47,2370.23,2331.63,2307.04,True,True,True,bullish
ADANIPOWER,592.55,5170536,594.7,566.3,570.0,583.49,587.38,593.27,600.18,604.25,True,False,False,bearish
ITC,408.45,6811772,411.4,408.0,410.0,410.27,413.61,416.78,419.87,421.5,False,False,False,bearish
OLAELEC,41.71,65134571,42.34,40.92,41.45,41.63,41.66,41.45,40.8,40.21,True,True,True,bearish
BPCL,334.95,7809814,337.3,333.2,336.0,335.95,339.19,342.71,347.05,349.83,False,False,False,bearish
ULTRACEMCO,12221.0,208446,12262.0,12122.0,12200.0,12266.17,12340.55,12404.99,12468.31,12503.05,False,False,False,bearish
UPL,726.05,3504831,734.55,721.05,727.0,724.93,714.43,698.83,678.91,666.5,True,True,True,bullish
GAIL,182.98,13852750,185.34,178.2,179.3,183.21,183.98,184.48,185.07,185.49,False,False,False,bearish
NTPC,334.6,7551356,335.5,328.5,332.0,335.35,337.63,339.31,340.65,341.25,False,False,False,bearish
DRREDDY,1299.8,1943466,1302.0,1282.8,1287.0,1284.26,1272.9,1266.88,1262.95,1261.39,True,True,True,bullish
APOLLOHOSP,7456.0,336770,7469.0,7310.5,7356.5,7407.96,7378.19,7364.28,7359.42,7359.85,True,True,True,bullish
KALYANKJIL,604.4,4141737,607.1,591.05,594.1,601.27,598.92,595.49,591.29,588.77,True,True,True,bullish
TATASTEEL,161.69,15262937,162.45,158.2,158.2,161.41,161.33,160.74,159.83,159.24,True,True,True,bullish
NETWEB,1972.8,1246539,1994.7,1812.5,1815.1,1925.17,1920.06,1902.18,1861.49,1827.56,True,True,True,bullish
SWIGGY,413.8,5833966,415.7,402.3,408.1,411.1,406.61,399.99,391.62,386.39,True,True,True,bullish
POWERINDIA,19790.0,118530,19900.0,18800.0,18860.0,19487.26,19426.14,19371.22,19387.03,19443.69,True,True,True,bullish
UNITDSPR,1324.0,1769493,1331.0,1298.8,1316.0,1324.62,1337.38,1351.81,1369.01,1379.75,False,False,False,bearish
FIVESTAR,649.35,3588486,660.15,592.2,650.0,677.08,702.31,722.99,743.59,754.93,False,False,False,bearish
COLPAL,2215.0,1047287,2222.9,2194.0,2207.9,2233.82,2281.96,2327.02,2374.03,2401.02,False,False,False,bearish
GLENMARK,2158.0,1066676,2165.8,2120.0,2140.0,2152.56,2147.87,2107.87,2014.87,1937.68,True,True,True,bullish
TVSMOTOR,2801.8,820647,2825.0,2784.9,2790.0,2798.91,2808.66,2817.96,2825.5,2828.93,False,False,False,bearish
JSWSTEEL,1034.9,2215340,1051.3,1023.8,1023.8,1031.97,1032.25,1033.02,1034.06,1034.73,True,True,True,bearish
SUNPHARMA,1710.5,1325544,1718.0,1697.1,1698.0,1702.28,1701.05,1706.62,1717.02,1724.46,True,False,False,bullish
BIOCON,398.15,5529147,399.1,386.0,387.45,394.37,392.53,388.09,380.4,374.75,True,True,True,bullish
IDEA,7.19,298376818,7.24,7.12,7.19,7.24,7.34,7.39,7.38,7.35,False,False,False,bearish
VMM,136.64,15636630,136.99,132.5,133.0,136.93,137.39,136.22,133.55,131.45,False,True,True,bearish
FEDERALBNK,205.21,10354388,207.1,203.63,205.67,207.43,209.35,210.3,210.8,210.94,False,False,False,bearish
WELCORP,924.55,2296562,931.0,858.05,863.0,901.48,906.02,913.66,924.0,930.99,True,True,False,bearish
TECHM,1453.8,1458817,1459.1,1436.4,1450.6,1470.69,1504.05,1536.34,1571.55,1592.19,False,False,False,bearish
PERSISTENT,5176.5,406100,5206.5,5091.5,5142.0,5226.82,5357.21,5470.37,5586.89,5654.51,False,False,False,bearish
MAXHEALTH,1274.3,1643450,1278.0,1251.0,1256.0,1265.75,1257.14,1252.49,1250.87,1251.24,True,True,True,bullish
UNIONBANK,132.73,15736006,133.69,130.93,132.34,134.88,136.93,138.18,138.93,139.12,False,False,False,bearish
HINDALCO,692.7,2985507,695.0,685.0,686.1,691.58,687.72,682.36,676.03,672.28,True,True,True,bullish
AFFLE,1985.4,1036747,2025.0,1805.1,1839.8,1901.54,1898.64,1915.32,1939.57,1954.73,True,True,True,bullish
CIPLA,1574.0,1303888,1579.4,1559.6,1563.4,1547.05,1519.49,1502.04,1487.64,1480.41,True,True,True,bullish
BRITANNIA,5626.0,363002,5655.0,5572.0,5601.5,5637.69,5679.16,5733.59,5807.76,5857.7,False,False,False,bearish
GRASIM,2743.0,743512,2750.0,2705.0,2727.2,2731.51,2735.37,2746.16,2761.38,2771.21,True,False,False,bearish
BDL,1623.1,1253255,1633.0,1591.6,1613.0,1646.44,1689.25,1745.22,1821.52,1872.32,False,False,False,bearish
HINDPETRO,425.8,4743610,426.6,419.45,421.5,426.03,429.29,432.84,437.24,440.1,False,False,False,bearish
TATAPOWER,399.85,5038609,401.6,396.0,397.0,399.52,400.82,401.42,400.98,400.26,False,False,False,bearish
NESTLEIND,2223.7,900961,2258.1,2219.9,2230.0,2270.63,2332.39,2372.31,2400.9,2412.6,False,False,False,bearish
AMBUJACEM,610.05,3278602,612.4,602.65,610.0,612.11,609.52,603.17,593.95,587.84,True,True,True,bullish
CUMMINSIND,3535.2,561592,3568.7,3514.7,3514.7,3544.18,3554.1,3550.87,3536.61,3524.28,False,False,True,bearish
COCHINSHIP,1765.5,1124026,1778.0,1717.0,1740.0,1790.29,1834.41,1886.21,1954.45,1999.53,False,False,False,bearish
POWERGRID,293.1,6586034,293.9,289.8,290.5,293.83,295.31,296.57,298.0,298.89,False,False,False,bearish
CHOLAFIN,1484.8,1288099,1502.8,1464.0,1478.0,1504.45,1524.67,1535.88,1543.1,1545.92,False,False,False,bearish
JBCHEPHARM,1802.6,1058787,1812.7,1710.3,1720.0,1741.59,1707.72,1677.91,1643.7,1622.65,True,True,True,bullish
GVT&D,2473.4,770692,2500.9,2372.2,2406.0,2451.13,2436.1,2414.74,2394.06,2384.8,True,True,True,bullish
GRSE,2492.8,754649,2508.0,2423.1,2455.0,2534.34,2590.23,2666.25,2781.18,2862.92,False,False,False,bearish
OBEROIRLTY,1664.8,1123541,1682.7,1616.3,1625.1,1686.11,1734.65,1774.42,1813.32,1834.95,False,False,False,bearish
COALINDIA,383.65,4872086,384.25,376.95,376.95,382.81,384.14,384.59,384.46,384.18,False,False,False,bearish
SAIL,126.01,14642340,126.75,123.3,124.99,128.68,131.35,132.9,134.06,134.59,False,False,False,bearish
ANGELONE,2632.1,698116,2649.0,2580.0,2608.0,2671.96,2702.92,2714.04,2721.28,2725.58,False,False,False,bearish
HEROMOTOCO,4325.2,422393,4334.4,4265.6,4290.0,4307.58,4323.36,4331.11,4328.92,4323.82,True,False,True,bearish
BSOFT,409.75,4454416,412.8,383.9,384.65,400.8,405.7,412.78,421.08,426.04,True,False,False,bearish
PRESTIGE,1640.2,1108348,1646.0,1608.0,1611.9,1659.48,1693.22,1706.57,1705.61,1699.63,False,False,False,bearish
LUPIN,1984.6,907495,1987.0,1947.7,1954.9,1962.0,1949.83,1946.53,1947.67,1949.72,True,True,True,bullish
POLYCAB,6962.5,258467,6977.0,6790.0,6833.0,6884.85,6877.33,6860.03,6822.65,6793.4,True,True,True,bullish
KAYNES,5542.0,324509,5567.0,5405.0,5487.0,5603.79,5717.36,5847.73,6013.73,6121.4,False,False,False,bearish
HINDUNILVR,2453.6,732282,2457.5,2429.7,2444.8,2446.19,2460.2,2480.78,2505.85,2521.04,False,False,False,bearish
SOLARINDS,14471.0,123437,14551.0,14360.0,14462.0,14558.88,14771.05,15067.21,15491.74,15784.22,False,False,False,bearish
DEEPAKFERT,1607.4,1109712,1618.9,1500.4,1510.0,1574.06,1578.08,1580.92,1580.69,1579.19,True,True,True,bearish
PFC,410.6,4343591,411.5,401.35,403.0,412.03,416.04,420.18,425.15,428.24,False,False,False,bearish
RECLTD,400.1,4454042,401.7,391.0,392.0,398.58,398.9,398.84,398.31,397.79,True,True,True,bearish
MPHASIS,2774.3,633100,2782.0,2687.0,2703.8,2726.16,2746.64,2782.7,2825.73,2851.3,True,False,False,bearish
MOTILALOFS,937.4,1865823,942.0,880.0,882.35,915.42,918.7,925.16,933.17,938.09,True,True,False,bearish
TITAN,3379.2,511042,3397.0,3355.6,3390.0,3413.32,3427.04,3426.96,3421.42,3416.89,False,False,False,bearish
HAPPSTMNDS,619.35,2778577,646.1,592.0,601.25,613.75,616.93,620.94,625.36,627.89,True,False,False,bearish
BAJAJ-AUTO,8127.5,209998,8146.0,8056.0,8089.5,8154.86,8212.41,8243.45,8266.81,8279.8,False,False,False,bearish
NAUKRI,1409.4,1203324,1419.1,1375.1,1419.1,1421.4,1422.38,1419.15,1418.02,1419.24,False,False,False,bearish
BAJAJFINSV,1972.6,847965,1984.5,1943.8,1977.8,1990.65,2009.18,2020.75,2031.16,2037.1,False,False,False,bearish
GODFRYPHLP,8942.5,184368,8995.0,8690.0,8800.0,8897.0,8964.67,8919.47,8749.38,8601.65,False,True,True,bearish
CGPOWER,659.05,2466461,661.55,645.5,657.0,664.25,669.98,673.23,675.68,676.87,False,False,False,bearish
BALKRISIND,2735.6,593468,2750.0,2668.7,2679.4,2718.41,2714.32,2697.5,2667.31,2645.38,True,True,True,bullish
FORTIS,850.6,1899113,854.5,840.2,846.65,843.41,828.66,811.67,791.15,778.43,True,True,True,bullish
MARICO,698.2,2285806,701.3,691.5,696.0,701.3,709.0,715.96,722.47,725.78,False,False,False,bearish
POONAWALLA,415.65,3715939,421.7,401.1,421.7,422.54,433.56,444.22,456.56,464.26,False,False,False,bearish
BEML,4063.4,377531,4081.9,3940.9,3992.7,4117.93,4241.36,4362.54,4495.87,4574.66,False,False,False,bearish
GODREJPROP,2155.1,709615,2167.7,2104.8,2107.1,2195.21,2244.55,2262.88,2263.97,2258.93,False,False,False,bearish
AUBANK,739.95,2061754,741.8,727.0,727.9,737.77,751.5,773.08,802.01,820.75,False,False,False,bearish
NTPCGREEN,105.97,14337930,109.8,105.26,108.27,106.73,107.69,108.32,108.49,108.34,False,False,False,bearish
LICHSGFIN,598.25,2526778,599.1,584.8,589.0,602.11,609.02,611.16,609.36,606.75,False,False,False,bearish
INDHOTEL,748.2,2019113,751.0,740.55,744.8,748.8,750.43,749.32,746.38,744.23,False,True,True,bearish
RVNL,359.5,4192933,362.0,352.0,354.0,362.72,368.89,374.33,380.08,383.42,False,False,False,bearish
PATANJALI,1887.1,791473,1898.5,1842.6,1846.0,1885.64,1873.91,1826.67,1745.45,1687.44,True,True,True,bullish
LTF,206.02,7218561,206.48,201.83,202.9,205.73,206.31,206.39,206.51,206.68,False,False,False,bearish
ONGC,241.44,6157824,242.51,239.82,240.02,241.75,242.78,243.19,243.24,243.14,False,False,False,bearish
HINDCOPPER,258.4,5737676,260.45,245.15,247.15,259.25,263.1,264.62,265.08,265.05,False,False,False,bearish
INDUSTOWER,390.55,3790547,392.3,381.95,383.0,392.1,396.29,399.16,401.2,401.97,False,False,False,bearish
ZEEL,118.71,12255861,120.22,116.7,118.99,122.4,128.35,133.44,138.33,140.94,False,False,False,bearish
MFSL,1504.9,965548,1528.6,1499.3,1524.0,1521.38,1535.15,1549.53,1567.18,1578.37,False,False,False,bearish
JSL,677.85,2128200,690.0,653.8,659.9,669.84,673.05,676.67,679.86,681.32,True,False,False,bearish
PNB,109.29,13189443,109.5,106.25,106.25,108.89,109.75,110.2,110.16,109.9,False,False,False,bearish
TITAGARH,869.6,1650884,876.35,838.45,850.0,875.78,897.06,915.72,934.79,945.67,False,False,False,bearish
ANANTRAJ,578.4,2468347,581.0,547.4,560.0,572.04,572.98,571.25,564.06,557.39,True,True,True,bearish
BANKBARODA,242.26,5783053,243.38,239.02,239.2,242.42,242.72,242.13,240.61,239.37,False,True,True,bearish
DIVISLAB,6676.5,207710,6688.0,6473.0,6580.0,6640.45,6668.48,6718.17,6784.74,6827.54,True,False,False,bearish
INDIANB,630.5,2187783,632.85,624.05,627.0,632.28,633.36,633.29,632.43,631.61,False,False,False,bearish
SRF,3110.0,441091,3122.9,3042.1,3045.0,3098.69,3127.81,3164.75,3213.74,3246.37,False,False,False,bearish
DABUR,518.3,2646055,525.6,514.65,524.65,517.49,518.15,519.82,521.48,522.19,True,False,False,bearish
DLF,800.35,1706638,805.0,786.1,786.5,809.1,821.32,827.42,830.55,831.37,False,False,False,bearish
KAJARIACER,1162.7,1150968,1183.3,1154.2,1163.0,1175.75,1189.39,1194.97,1196.27,1195.76,False,False,False,bearish
VEDL,439.5,3034968,441.5,433.4,437.05,442.36,444.83,444.6,442.28,440.15,False,False,False,bearish
SYNGENE,711.4,1870718,712.75,687.4,692.0,693.5,680.24,666.49,649.42,638.59,True,True,True,bullish
ACMESOLAR,286.65,4606747,303.69,285.65,295.83,285.27,284.1,284.47,285.73,286.69,True,True,False,bullish
POLICYBZR,1790.1,735601,1807.0,1756.9,1789.9,1789.98,1797.06,1806.53,1819.65,1828.51,False,False,False,bearish
EIDPARRY,1208.8,1074779,1222.2,1176.2,1185.3,1189.93,1176.44,1159.41,1134.55,1117.05,True,True,True,bullish
GMDCLTD,411.1,3147060,415.95,398.0,408.8,421.71,422.34,413.33,399.61,390.89,False,True,True,bearish
MANKIND,2554.7,496881,2600.0,2517.0,2526.5,2571.57,2591.48,2592.07,2572.76,2553.03,False,False,True,bearish
APLAPOLLO,1514.9,819000,1527.6,1494.0,1503.0,1552.62,1605.86,1647.57,1688.19,1710.73,False,False,False,bearish
EICHERMOT,5470.5,217256,5484.0,5353.0,5390.0,5448.2,5484.72,5534.57,5596.95,5636.4,False,False,False,bearish
IDFCFIRSTB,70.31,16716062,71.49,70.21,70.46,71.04,72.08,73.31,75.01,76.16,False,False,False,bearish
ABB,5579.0,209954,5592.0,5478.0,5545.0,5609.43,5655.51,5710.52,5798.88,5865.3,False,False,False,bearish
IREDA,150.49,7688547,150.97,147.11,150.49,152.26,155.05,158.74,164.18,168.04,False,False,False,bearish
JUBLPHARMA,1152.9,993855,1225.0,1093.0,1176.0,1170.56,1181.87,1184.2,1179.58,1174.26,False,False,False,bearish
INOXWIND,156.3,7298096,156.85,152.21,155.0,157.23,160.38,164.63,170.55,174.56,False,False,False,bearish
DELHIVERY,421.95,2667730,430.55,413.85,428.75,427.3,427.85,424.83,419.79,416.43,False,True,True,bearish
CAMS,3915.6,286479,3951.7,3872.0,3889.0,3994.01,4081.34,4131.02,4166.43,4182.38,False,False,False,bearish
SAMMAANCAP,125.26,8870907,126.2,122.01,124.5,126.93,129.01,130.08,131.06,131.72,False,False,False,bearish
DMART,3999.0,277427,4007.1,3931.0,3976.3,3994.34,4017.74,4053.71,4110.36,4151.68,False,False,False,bearish
NATIONALUM,189.68,5829470,189.9,186.01,187.5,191.3,192.08,191.48,190.21,189.31,False,False,True,bearish
HAVELLS,1510.3,728746,1517.0,1491.3,1507.1,1521.42,1530.26,1532.27,1531.45,1530.25,False,False,False,bearish
ADANIPORTS,1395.9,782760,1398.7,1373.6,1376.0,1397.04,1411.19,1423.41,1434.86,1440.89,False,False,False,bearish
PREMIERENE,1052.6,1034729,1076.0,1041.3,1053.0,1064.81,1072.85,1083.1,1099.28,1110.95,False,False,False,bearish
YESBANK,19.4,56102137,19.54,19.31,19.34,19.54,19.74,19.83,19.84,19.82,False,False,False,bearish
ADANIENT,2547.9,424781,2557.4,2507.5,2529.0,2554.8,2571.68,2579.52,2581.98,2581.48,False,False,False,bearish
SYRMA,746.25,1438218,755.0,740.85,746.35,734.67,719.82,703.84,682.85,668.86,True,True,True,bullish
SBILIFE,1833.4,585182,1851.8,1822.9,1848.0,1830.59,1822.67,1818.44,1814.3,1811.43,True,True,True,bullish
BANDHANBNK,173.44,6143547,176.75,172.3,175.0,176.54,178.71,179.31,178.98,178.49,False,False,False,bearish
KFINTECH,1126.3,934848,1149.0,1114.5,1135.0,1165.14,1206.75,1238.54,1268.93,1285.64,False,False,False,bearish
SUPREMEIND,4325.4,242347,4375.0,4300.2,4311.0,4286.55,4245.52,4212.97,4178.14,4157.3,True,True,True,bullish
PHOENIXLTD,1508.3,688341,1512.9,1477.7,1506.2,1501.12,1494.59,1495.62,1501.84,1507.24,True,True,True,bullish
PGEL,806.95,1284953,810.0,780.4,782.0,800.08,798.82,794.27,784.47,776.68,True,True,True,bullish
PAGEIND,47215.0,21249,47400.0,46220.0,46350.0,46876.97,47013.64,47343.1,47815.02,48122.9,True,False,False,bearish
TATACONSUM,1061.6,944513,1076.2,1054.0,1059.9,1063.31,1070.44,1076.9,1083.53,1087.4,False,False,False,bearish
LTIM,5056.5,198271,5089.0,5006.0,5045.0,5094.81,5143.59,5182.43,5221.04,5242.48,False,False,False,bearish
JPPOWER,21.43,46578689,21.43,20.12,20.41,21.03,21.53,22.15,22.71,22.96,False,False,False,bearish
GRAVITA,1867.4,531020,1884.9,1815.1,1830.0,1834.24,1799.87,1780.44,1773.18,1774.53,True,True,True,bullish
BHEL,240.55,4090733,241.6,234.25,236.25,241.97,246.49,251.09,256.55,259.96,False,False,False,bearish
ADANIENSOL,826.95,1171033,830.55,800.35,819.0,830.09,845.03,859.9,876.75,887.03,False,False,False,bearish
GODREJCP,1210.6,789889,1215.9,1202.2,1214.8,1217.95,1231.78,1248.28,1268.74,1281.62,False,False,False,bearish
IRFC,132.22,7163091,132.76,130.38,131.0,132.38,133.23,134.27,135.73,136.72,False,False,False,bearish
PIIND,4249.5,221479,4258.0,4039.7,4086.4,4163.33,4142.74,4144.76,4157.33,4167.63,True,True,True,bullish
ABCAPITAL,252.35,3727261,253.7,250.1,252.1,257.57,262.46,265.96,269.36,271.27,False,False,False,bearish
ZYDUSLIFE,994.85,943918,997.95,980.55,985.0,982.69,976.36,972.83,969.84,968.25,True,True,True,bullish
AARTIIND,442.1,2116529,444.4,428.75,429.0,435.26,436.62,440.1,444.42,447.01,True,False,False,bearish
SBICARD,821.4,1133505,837.1,819.05,834.1,850.26,872.7,891.83,914.71,929.53,False,False,False,bearish
AUROPHARMA,1158.1,800744,1160.7,1121.9,1122.1,1137.22,1134.32,1138.38,1145.44,1150.14,True,True,True,bullish
SWANENERGY,482.4,1922301,485.0,462.85,465.7,483.17,488.8,486.43,477.48,470.07,False,True,True,bearish
JMFINANCIL,163.38,5611784,164.7,159.47,162.91,166.57,168.81,169.46,169.41,169.17,False,False,False,bearish
M&MFIN,251.95,3608582,252.45,246.35,250.85,253.36,256.52,258.66,260.23,260.89,False,False,False,bearish
GRANULES,490.45,1819374,492.0,464.0,464.0,478.68,479.71,480.01,477.64,475.02,True,True,True,bearish
VIJAYA,1119.7,788172,1138.65,1108.3,1131.0,1104.93,1076.18,1052.26,1028.08,1014.3,True,True,True,bullish
IIFL,514.9,1698933,520.0,495.0,497.0,514.16,519.53,521.74,521.91,521.26,False,False,False,bearish
HOMEFIRST,1304.3,667560,1358.6,1290.9,1356.0,1367.0,1384.21,1386.21,1381.37,1376.24,False,False,False,bearish
AIIL,2825.6,307782,2840.0,2640.0,2650.0,2782.42,2780.97,2757.36,2715.4,2686.13,True,True,True,bullish
KEC,860.25,998763,880.0,853.3,878.0,863.62,868.11,874.2,883.23,889.67,False,False,False,bearish
SAGILITY,43.35,19761981,43.74,41.36,41.5,43.35,43.79,44.15,44.47,44.62,False,False,False,bearish
IGL,205.95,4155694,208.26,202.7,204.92,205.79,209.0,212.74,217.04,219.62,False,False,False,bearish
HDFCLIFE,756.35,1129341,765.0,755.1,762.0,758.73,758.88,760.83,765.59,769.54,False,False,False,bearish
OLECTRA,1430.4,594424,1466.9,1408.0,1427.0,1430.5,1383.78,1333.66,1282.51,1254.84,True,True,True,bullish
EXIDEIND,391.7,2163417,392.8,381.4,381.8,387.59,387.42,387.5,388.06,388.66,True,True,True,bullish
MGL,1389.1,605336,1418.9,1380.1,1380.5,1401.59,1432.33,1454.43,1471.77,1479.57,False,False,False,bearish
MUTHOOTFIN,2617.1,320111,2649.9,2582.4,2647.0,2642.59,2653.04,2654.23,2650.38,2646.52,False,False,False,bearish
VOLTAS,1335.1,624288,1340.0,1308.6,1308.6,1334.26,1347.62,1358.19,1365.64,1368.22,False,False,False,bearish
HFCL,78.67,10464692,78.99,75.92,76.38,78.09,79.2,80.3,81.37,81.94,False,False,False,bearish
TEJASNET,591.25,1364808,601.0,566.55,572.0,596.67,615.88,640.33,672.43,693.31,False,False,False,bearish
ASHOKLEY,123.3,6535234,124.05,122.1,122.85,123.23,123.62,124.02,124.5,124.79,False,False,False,bearish
JSWENERGY,524.8,1532398,526.35,515.2,515.2,524.35,526.67,528.25,529.58,530.28,False,False,False,bearish
PNBHOUSING,1006.3,786810,1015.5,989.0,1014.5,1021.67,1043.93,1060.9,1075.18,1081.96,False,False,False,bearish
CHENNPETRO,705.3,1121573,719.7,699.0,718.95,720.5,735.06,739.4,737.85,735.1,False,False,False,bearish
SHYAMMETL,992.15,796516,999.9,952.05,963.55,967.98,944.17,917.83,885.96,866.25,True,True,True,bullish
ACC,1827.4,432427,1844.0,1821.8,1825.6,1852.79,1895.73,1933.06,1971.33,1993.18,False,False,False,bearish
GLAND,2102.1,375226,2131.0,2056.0,2062.6,2057.85,2019.17,1971.16,1905.54,1861.76,True,True,True,bullish
SIEMENS,3068.0,255592,3088.7,3034.6,3053.5,3076.82,3100.1,3125.1,3158.83,3182.04,False,False,False,bearish
SONACOMS,470.5,1649095,471.95,463.2,465.0,472.32,472.9,468.86,461.66,456.66,False,True,True,bearish
CRAFTSMAN,6448.0,118747,6500.0,5954.0,6200.5,6361.66,6331.93,6246.21,6099.84,5995.41,True,True,True,bullish
TATACOMM,1729.4,442463,1757.3,1715.9,1718.1,1730.09,1734.29,1738.55,1745.45,1750.98,False,False,False,bearish
NMDC,71.8,10501708,71.95,70.37,70.47,71.7,71.37,70.63,69.61,68.95,True,True,True,bullish
360ONE,1082.4,690591,1087.0,1059.0,1070.0,1093.03,1123.32,1150.41,1176.08,1189.52,False,False,False,bearish
PETRONET,292.85,2552471,301.05,291.2,300.0,299.12,302.2,303.77,304.69,304.98,False,False,False,bearish
UBL,1975.6,376353,2009.6,1970.0,1988.0,1998.99,2003.74,1997.09,1983.57,1973.86,False,False,True,bearish
CHOLAHLDNG,1912.5,387829,1928.1,1881.1,1901.0,1956.69,2011.44,2050.89,2087.92,2108.56,False,False,False,bearish
RAILTEL,384.35,1910026,386.2,376.4,378.1,388.46,395.65,401.01,405.42,407.43,False,False,False,bearish
BANKINDIA,112.17,6272053,112.71,110.3,111.31,112.6,113.42,113.99,114.33,114.41,False,False,False,bearish
PNCINFRA,319.3,2179460,321.95,304.35,314.45,311.07,310.58,309.36,306.85,304.91,True,True,True,bullish
MRPL,131.32,5268397,135.4,129.76,134.6,137.59,141.62,143.53,144.8,145.36,False,False,False,bearish
NCC,222.98,3053483,223.69,214.09,214.31,221.09,222.74,223.7,223.88,223.65,True,False,False,bearish
ESCORTS,3489.8,194700,3499.7,3410.9,3410.9,3449.53,3431.6,3409.68,3381.77,3364.26,True,True,True,bullish
NAM-INDIA,807.5,840299,812.0,785.1,799.75,811.85,822.78,825.55,821.81,817.23,False,False,False,bearish
OIL,440.7,1537551,442.3,428.5,428.85,438.3,441.23,441.66,440.01,438.28,False,True,True,bearish
ASTRAL,1419.3,475975,1427.5,1407.2,1412.0,1434.02,1455.81,1471.12,1483.62,1489.54,False,False,False,bearish
MRF,149355.0,4513,150220.0,148015.0,148300.0,149074.65,149179.43,149085.28,148734.78,148419.97,True,True,True,bearish
RADICO,2687.1,250733,2731.0,2674.7,2707.6,2698.86,2712.56,2715.37,2709.16,2701.83,False,False,False,bearish
BAJAJHLDNG,14062.0,47610,14117.0,13562.0,13804.0,13971.24,13978.2,13966.74,13926.44,13890.77,True,True,True,bearish
WOCKPHARMA,1697.3,390848,1725.0,1672.7,1691.1,1696.01,1713.31,1722.02,1715.04,1702.92,False,False,False,bearish
NHPC,84.04,7882251,84.35,83.12,83.7,84.4,85.42,86.29,87.05,87.4,False,False,False,bearish
TATAELXSI,6090.5,108186,6106.5,5977.5,6009.5,6101.47,6139.93,6155.88,6152.6,6142.65,False,False,False,bearish
GMRAIRPORT,90.22,7188716,90.71,89.05,89.7,90.45,91.23,91.75,92.11,92.25,False,False,False,bearish
ARE&M,993.0,636722,1001.8,963.45,965.6,990.77,992.0,990.33,987.28,985.25,True,True,True,bearish
PEL,1295.0,487067,1304.3,1275.3,1297.7,1294.88,1290.64,1267.18,1218.29,1179.59,True,True,True,bullish
SHREECEM,30410.0,20699,30710.0,30110.0,30695.0,30854.76,31111.35,31180.74,31188.31,31179.58,False,False,False,bearish
HYUNDAI,2100.7,299078,2105.6,2040.0,2040.5,2090.48,2100.35,2104.85,2102.2,2097.28,True,False,True,bearish
NATCOPHARM,958.5,654958,967.6,934.85,944.9,967.77,985.08,993.55,997.41,998.19,False,False,False,bearish
IOC,147.94,4240012,148.2,146.5,146.5,148.48,149.57,150.47,151.46,152.08,False,False,False,bearish
NYKAA,210.43,2955868,211.8,206.94,208.0,211.69,213.7,215.09,216.3,216.92,False,False,False,bearish
KPITTECH,1218.4,504050,1227.5,1188.1,1192.8,1223.09,1239.73,1249.56,1253.83,1253.7,False,False,False,bearish
HSCL,486.5,1261123,492.5,478.4,483.4,492.72,500.68,505.29,508.41,509.66,False,False,False,bearish
CHAMBLFERT,532.7,1142201,534.95,524.9,528.85,537.43,543.05,546.24,548.78,550.13,False,False,False,bearish
NBCC,109.57,5523420,110.05,107.15,108.0,110.26,111.72,112.7,113.48,113.84,False,False,False,bearish
SWSOLAR,290.4,2043286,291.5,279.15,284.9,292.46,302.23,313.24,325.95,333.6,False,False,False,bearish
MOTHERSON,102.59,5756095,102.69,101.0,101.88,101.72,101.39,101.53,101.92,102.22,True,True,True,bullish
NEULANDLAB,13840.0,42514,13965.0,13653.0,13945.0,13849.48,13815.68,13488.14,12746.42,12141.79,True,True,True,bullish
BHARATFORG,1220.4,478123,1223.5,1185.0,1188.5,1209.85,1213.28,1218.95,1227.0,1232.53,True,False,False,bearish
OFSS,8664.5,67051,8720.0,8580.0,8681.0,8697.42,8729.91,8747.89,8763.66,8773.16,False,False,False,bearish
HINDZINC,437.4,1325115,438.0,430.6,432.0,437.87,438.06,435.08,429.16,424.68,False,True,True,bearish
JUBLFOOD,652.65,868584,658.0,640.25,645.95,652.88,661.17,670.23,680.11,685.83,False,False,False,bearish
ENGINERSIN,216.54,2605197,219.14,213.81,216.0,223.02,230.56,237.16,244.3,248.52,False,False,False,bearish
REDINGTON,287.9,1944094,297.1,284.45,286.05,292.55,297.99,300.02,299.53,298.22,False,False,False,bearish
MANAPPURAM,258.85,2068632,261.45,256.85,258.25,262.75,265.75,266.59,266.29,265.76,False,False,False,bearish
IRCON,180.96,2942156,182.6,174.08,175.4,181.31,184.4,187.39,190.75,192.79,False,False,False,bearish
NUVAMA,7210.0,73577,7310.5,7136.0,7278.0,7348.88,7461.67,7479.79,7437.65,7392.75,False,False,False,bearish
LLOYDSME,1484.1,354952,1496.6,1451.0,1468.2,1492.36,1499.68,1504.28,1512.44,1519.4,False,False,False,bearish
KEI,3922.0,130692,3943.8,3860.0,3932.1,3916.31,3903.44,3857.3,3777.45,3720.18,True,True,True,bullish
ICICIGI,1915.5,258618,1918.3,1891.9,1898.2,1917.07,1932.11,1951.52,1975.01,1989.16,False,False,False,bearish
BAJAJHFL,115.92,4246325,116.27,114.59,115.0,117.0,118.74,119.93,120.94,121.44,False,False,False,bearish
JINDALSTEL,984.35,499540,989.0,973.0,975.0,983.99,975.58,964.86,953.27,946.9,True,True,True,bullish
ABFRL,75.27,6493424,75.92,73.23,73.31,74.7,75.16,75.9,76.95,77.67,True,False,False,bearish
TARIL,509.25,955881,512.25,476.0,476.0,498.86,501.31,504.62,508.07,510.02,True,True,False,bearish
ABBOTINDIA,34710.0,14011,34750.0,32865.0,32960.0,34086.78,34135.17,34242.89,34400.64,34510.06,True,True,True,bearish
UNOMINDA,1072.4,451658,1075.9,1042.3,1065.0,1073.73,1078.94,1085.05,1092.31,1096.82,False,False,False,bearish
CGCL,181.18,2669483,182.45,175.05,178.99,181.62,181.67,180.75,179.18,178.1,False,True,True,bearish
DATAPATTNS,2584.4,186512,2625.0,2529.8,2558.1,2638.42,2712.85,2784.92,2870.43,2924.33,False,False,False,bearish
SUMICHEM,604.7,789420,612.0,576.1,576.1,592.79,586.63,575.49,557.66,545.04,True,True,True,bullish
LICI,899.05,530162,902.95,886.65,888.95,899.97,908.31,915.22,921.73,925.25,False,False,False,bearish
PIDILITIND,2892.9,164382,2898.0,2857.8,2870.0,2896.78,2923.45,2961.11,3014.12,3050.32,False,False,False,bearish
IRB,46.56,10014056,46.95,45.08,45.43,46.6,47.21,47.65,48.02,48.2,False,False,False,bearish
BRIGADE,1009.0,459388,1026.0,993.9,1006.0,1030.76,1053.59,1067.67,1076.44,1079.21,False,False,False,bearish
LTFOODS,500.7,909515,503.9,478.85,479.8,492.5,493.11,494.12,495.14,495.78,True,True,True,bearish
AFCONS,396.95,1132249,400.1,390.0,400.0,405.67,412.76,418.0,423.67,427.17,False,False,False,bearish
JKCEMENT,6502.0,68572,6597.0,6400.0,6458.0,6496.95,6495.66,6477.16,6444.21,6420.07,True,True,True,bullish
RAMCOCEM,1193.3,372439,1195.0,1150.6,1167.9,1177.3,1171.51,1165.59,1158.05,1153.21,True,True,True,bullish
TATATECH,707.4,618012,709.5,696.2,699.3,707.76,711.35,712.6,711.33,709.46,False,False,False,bearish
HUDCO,216.36,2020388,217.3,212.36,213.98,218.28,222.06,225.42,228.8,230.66,False,False,False,bearish
DALBHARAT,2198.6,195946,2214.2,2178.5,2214.2,2219.78,2226.28,2214.91,2193.12,2177.87,False,True,True,bearish
TIINDIA,2868.5,149463,2880.7,2793.8,2823.5,2875.64,2895.86,2903.09,2903.04,2900.71,False,False,False,bearish
MSUMI,38.98,10984590,40.41,38.69,39.9,40.12,41.15,41.88,42.53,42.87,False,False,False,bearish
MEDANTA,1331.4,319627,1387.9,1325.1,1355.6,1332.59,1325.74,1319.38,1310.63,1304.4,True,True,True,bullish
CREDITACC,1238.0,335573,1292.8,1232.0,1273.7,1277.42,1291.65,1292.92,1287.8,1282.57,False,False,False,bearish
CROMPTON,327.7,1266410,330.55,325.3,329.0,330.94,335.05,338.46,341.59,343.21,False,False,False,bearish
NH,1982.6,208843,2001.0,1965.1,1976.4,1984.69,1980.03,1976.69,1973.37,1971.09,True,True,True,bullish
HBLENGINE,579.5,703745,582.6,551.6,554.25,576.16,584.93,595.83,609.84,618.98,False,False,False,bearish
CESC,177.03,2293605,178.15,172.58,173.1,175.77,176.6,177.43,178.09,178.36,True,False,False,bearish
ALKEM,5070.7,80061,5097.5,5036.5,5049.9,5038.79,5012.65,4988.26,4958.97,4940.5,True,True,True,bullish
SIGNATURE,1128.8,359090,1168.6,1121.0,1166.0,1164.43,1194.12,1219.24,1245.64,1261.01,False,False,False,bearish
IFCI,59.0,6863221,59.85,57.12,57.95,59.19,60.0,60.63,61.13,61.35,False,False,False,bearish
ANANDRATHI,2688.3,150556,2695.0,2635.1,2650.0,2652.64,2600.7,2491.39,2308.66,2175.43,True,True,True,bullish
SCHAEFFLER,4046.6,98398,4100.0,3975.0,4055.0,4082.24,4132.87,4168.44,4200.14,4217.14,False,False,False,bearish
VGUARD,384.8,1019063,392.7,371.1,388.2,391.66,395.53,396.08,394.73,393.33,False,False,False,bearish
ABSLAMC,874.2,448093,881.6,855.2,870.2,871.03,870.19,865.85,858.11,852.57,True,True,True,bullish
ATGL,629.35,620849,631.0,618.0,628.95,632.02,639.23,644.52,648.96,651.16,False,False,False,bearish
ICICIPRULI,616.4,632734,620.35,612.5,614.7,618.98,628.01,640.75,657.68,668.67,False,False,False,bearish
SUNDARMFIN,4745.5,81761,4929.0,4711.0,4929.0,4909.73,5006.11,5047.88,5069.15,5075.69,False,False,False,bearish
SOBHA,1563.8,246805,1598.8,1539.3,1585.0,1599.05,1614.96,1602.47,1565.46,1535.3,False,False,True,bearish
APTUS,331.0,1150629,342.45,324.75,337.7,339.85,343.72,344.8,344.68,344.23,False,False,False,bearish
WHIRLPOOL,1389.9,273836,1399.1,1341.6,1379.7,1396.18,1399.84,1387.37,1359.47,1337.6,False,True,True,bearish
BLS,372.7,1018972,373.8,356.65,358.8,368.16,371.6,375.86,380.4,382.91,True,False,False,bearish
USHAMART,378.5,1002949,383.0,364.55,365.95,373.88,375.42,374.96,371.43,368.01,True,True,True,bearish
BERGEPAINT,571.5,661034,575.0,554.9,560.1,567.47,568.8,570.83,574.32,577.03,True,False,False,bearish
AADHARHFC,509.1,723337,515.7,500.4,514.0,509.76,504.73,492.43,472.65,458.78,True,True,True,bullish
RKFORGE,599.45,609233,615.5,597.45,611.0,612.97,626.24,641.95,663.18,677.45,False,False,False,bearish
INTELLECT,1038.8,350587,1058.0,1020.0,1050.5,1068.77,1106.88,1129.54,1142.86,1146.55,False,False,False,bearish
TANLA,642.85,563916,644.95,609.0,612.3,643.43,649.87,648.95,643.32,638.61,False,False,True,bearish
METROPOLIS,1950.3,183688,1977.2,1926.1,1969.9,1966.73,1967.13,1964.09,1966.55,1971.93,False,False,False,bearish
TORNTPOWER,1324.9,265829,1344.0,1318.5,1328.1,1335.62,1351.66,1372.6,1400.69,1419.24,False,False,False,bearish
ELECON,578.05,603319,584.65,563.6,567.3,578.19,589.53,605.29,627.46,642.55,False,False,False,bearish
AJANTPHARM,2823.2,121375,2828.0,2722.1,2783.7,2790.96,2764.58,2722.77,2657.25,2610.59,True,True,True,bullish
NAVINFLUOR,5148.8,66154,5164.5,5070.0,5133.5,5091.96,5057.99,5050.38,5061.38,5074.52,True,True,True,bullish
IDBI,93.02,3638714,93.45,91.8,92.3,93.75,95.39,96.94,98.59,99.54,False,False,False,bearish
IRCTC,735.8,456870,738.5,727.0,728.0,741.55,752.23,762.41,774.11,781.35,False,False,False,bearish
SJVN,96.16,3490526,96.49,94.14,94.59,96.23,97.11,97.56,97.7,97.65,False,False,False,bearish
CYIENT,1232.4,267349,1239.3,1210.2,1234.0,1241.29,1256.59,1270.19,1283.69,1291.12,False,False,False,bearish
INDIAMART,2588.9,123459,2598.7,2525.0,2554.1,2580.71,2592.86,2600.63,2597.77,2590.21,False,False,False,bearish
ECLERX,3722.0,85768,3814.4,3706.0,3768.0,3714.18,3679.21,3615.42,3513.46,3440.5,True,True,True,bullish
GESHIP,958.15,331991,960.9,918.0,934.05,958.59,970.82,982.22,995.12,1003.1,False,False,False,bearish
GLAXO,3150.2,98969,3178.8,3083.5,3083.5,3131.71,3142.79,3168.8,3210.41,3239.81,True,False,False,bearish
CONCOR,592.05,517700,593.65,586.5,587.9,596.43,603.59,610.92,619.85,625.56,False,False,False,bearish
J&KBANK,106.17,2852610,107.12,103.4,104.77,107.5,109.33,110.42,111.13,111.38,False,False,False,bearish
TRITURBINE,606.2,481960,611.3,597.4,607.7,616.24,628.94,637.69,644.02,646.56,False,False,False,bearish
FIRSTCRY,352.2,825276,357.5,350.3,354.45,356.11,362.18,367.99,373.65,376.59,False,False,False,bearish
UTIAMC,1326.2,218123,1349.9,1299.3,1342.0,1359.02,1389.41,1400.88,1400.87,1396.66,False,False,False,bearish
FSL,330.0,868651,336.0,327.45,331.0,335.52,342.37,348.45,355.22,359.37,False,False,False,bearish
GNFC,540.0,530232,548.0,528.0,528.0,539.82,542.54,544.01,545.09,545.64,False,False,False,bearish
PCBL,390.95,700539,393.7,381.65,381.65,392.65,401.91,411.88,423.84,431.4,False,False,False,bearish
MAHABANK,56.76,4819308,57.0,56.26,56.65,56.79,56.77,56.73,56.67,56.63,False,True,True,bullish
FACT,943.25,286351,950.7,920.2,929.0,946.39,948.83,945.4,937.08,930.62,False,True,True,bearish
GPPL,159.66,1686365,160.08,154.3,156.0,159.83,160.33,159.67,158.05,156.78,False,True,True,bearish
KARURVYSYA,260.05,1033813,261.25,254.6,259.1,262.43,265.62,267.97,270.18,271.39,False,False,False,bearish
GODREJAGRO,843.1,316536,848.0,814.85,833.15,838.79,826.02,808.95,788.07,775.24,True,True,True,bullish
CEATLTD,3352.8,79424,3360.0,3281.6,3316.9,3378.53,3485.11,3597.66,3711.7,3772.75,False,False,False,bearish
SBFC,106.68,2466043,111.91,106.3,111.11,110.29,112.85,114.34,115.22,115.44,False,False,False,bearish
AAVAS,1758.7,149270,1815.0,1730.5,1805.5,1811.5,1856.64,1893.2,1928.62,1947.51,False,False,False,bearish
KIRLOSBROS,1938.4,134985,1958.4,1905.0,1938.2,1971.27,2035.52,2104.12,2186.13,2237.38,False,False,False,bearish
CASTROLIND,222.45,1166531,222.95,218.11,218.57,222.18,222.58,222.36,221.7,221.15,False,True,True,bearish
ELGIEQUIP,562.6,457810,565.0,539.7,550.0,564.5,564.09,561.28,558.29,556.87,False,True,True,bullish
GILLETTE,10486.0,24320,10684.0,10301.0,10599.0,10649.91,10771.67,10755.82,10621.24,10497.12,False,False,False,bearish
ZENSARTECH,808.45,313732,815.0,786.6,796.75,807.85,814.4,822.58,834.45,842.95,False,False,False,bearish
LTTS,4287.2,58900,4309.0,4171.8,4240.1,4274.64,4299.44,4321.7,4339.51,4346.91,False,False,False,bearish
MASTEK,2453.2,102794,2490.0,2414.0,2465.8,2484.67,2512.45,2526.08,2533.19,2535.33,False,False,False,bearish
JSWINFRA,311.35,807518,312.0,303.15,305.05,312.02,313.33,313.44,313.01,312.59,False,False,False,bearish
RAYMOND,687.95,365370,695.0,668.3,684.0,696.21,702.46,702.35,698.4,694.91,False,False,False,bearish
TRIDENT,30.97,8075521,31.13,30.2,30.75,31.04,31.19,31.41,31.75,31.99,False,False,False,bearish
THERMAX,3778.6,66075,3794.0,3691.3,3713.0,3777.35,3766.0,3692.6,3563.89,3472.07,True,True,True,bullish
TBOTEK,1379.6,178667,1394.0,1355.2,1372.0,1386.1,1392.16,1384.14,1364.44,1349.08,False,True,True,bearish
NEWGEN,858.1,286878,863.8,841.5,855.0,865.74,908.04,966.6,1040.65,1087.02,False,False,False,bearish
KPRMILL,1150.6,212515,1179.2,1140.3,1179.2,1178.27,1190.65,1195.38,1198.64,1200.41,False,False,False,bearish
NETWORK18,56.46,4236626,57.07,55.52,56.59,57.31,57.99,57.77,56.83,56.02,False,False,True,bearish
AWL,264.9,873625,266.9,262.8,266.75,268.93,271.28,271.5,270.84,270.28,False,False,False,bearish
SONATSOFTW,408.25,562882,409.95,399.15,407.0,413.83,421.17,425.82,428.9,430.0,False,False,False,bearish
PRAJIND,469.6,486211,479.85,468.0,475.05,478.56,485.83,491.17,496.41,499.44,False,False,False,bearish
TECHNOE,1462.5,155705,1470.9,1401.0,1406.0,1454.34,1483.48,1521.11,1569.52,1600.81,False,False,False,bearish
TATAINVEST,6717.5,33742,6787.0,6590.5,6639.0,6689.42,6678.16,6663.49,6652.64,6650.15,True,True,True,bullish
KIMS,749.85,300011,773.75,742.2,771.05,760.63,755.99,744.65,728.55,718.06,False,True,True,bullish
CENTRALBK,36.88,6095360,36.99,36.26,36.54,37.05,37.49,37.96,38.53,38.9,False,False,False,bearish
ASTERDM,591.5,372994,593.15,575.0,576.0,587.53,590.57,593.82,597.26,599.18,True,False,False,bearish
LEMONTREE,150.39,1456226,152.05,148.5,152.0,152.54,153.94,155.03,156.53,157.64,False,False,False,bearish
JINDALSAW,216.64,1009922,218.61,213.71,214.1,219.71,222.9,225.15,227.45,228.85,False,False,False,bearish
RCF,152.48,1391677,153.89,148.2,149.8,152.67,153.48,153.8,153.8,153.7,False,False,False,bearish
STARHEALTH,426.75,493744,429.35,418.1,420.2,427.89,430.47,430.63,429.14,427.75,False,False,False,bearish
HEG,525.35,396580,527.0,510.6,514.05,523.5,526.01,522.73,512.95,504.73,False,True,True,bearish
CANFINHOME,748.2,277566,764.4,744.4,764.0,764.65,778.96,788.63,796.11,799.47,False,False,False,bearish
GRAPHITE,550.4,374886,553.5,534.9,539.0,550.77,558.68,563.57,565.43,565.05,False,False,False,bearish
NLCINDIA,239.45,852760,240.0,232.46,234.3,238.7,237.53,234.34,229.22,225.61,True,True,True,bullish
RTNINDIA,56.96,3555690,57.84,54.61,55.8,57.24,58.77,60.79,63.56,65.42,False,False,False,bearish
GPIL,194.14,1023448,194.76,188.15,188.49,191.83,191.02,189.42,186.9,185.15,True,True,True,bullish
LALPATHLAB,3026.2,65363,3052.4,3009.9,3049.7,3037.39,3022.04,2995.41,2960.4,2938.22,True,True,True,bullish
RRKABEL,1389.5,140797,1406.7,1356.6,1369.8,1397.91,1406.38,1396.55,1371.87,1352.62,False,True,True,bearish
BLUESTARCO,1744.9,110963,1748.0,1720.0,1730.0,1750.72,1771.65,1787.81,1796.4,1797.17,False,False,False,bearish
SCI,215.43,891739,216.02,211.34,213.0,216.93,218.58,219.98,221.8,223.04,False,False,False,bearish
DEEPAKNTR,1865.3,102842,1888.9,1851.0,1864.5,1882.79,1909.05,1933.79,1961.2,1977.51,False,False,False,bearish
BHARTIHEXA,1792.5,106620,1799.4,1719.2,1749.0,1787.57,1793.15,1794.16,1793.08,1792.03,False,False,True,bearish
BIKAJI,767.9,243323,774.0,746.25,750.0,765.11,761.21,753.05,742.23,735.54,True,True,True,bullish
JWL,350.05,533676,351.7,338.25,341.9,351.32,357.42,363.27,369.79,373.72,False,False,False,bearish
NAVA,603.65,309465,607.0,585.35,600.95,608.5,610.32,607.49,601.48,597.01,False,True,True,bearish
INDIACEM,365.7,510131,367.65,349.4,356.0,361.42,358.49,355.06,351.35,349.3,True,True,True,bullish
DOMS,2370.3,77199,2388.5,2285.1,2306.5,2360.2,2368.91,2377.68,2388.98,2396.77,True,False,False,bearish
RAYMONDLSL,1130.1,159901,1134.9,1069.9,1081.2,1119.66,1149.74,1196.53,1260.68,1303.13,False,False,False,bearish
KPIL,1132.4,159149,1149.7,1125.0,1136.8,1150.19,1167.86,1180.33,1191.41,1197.13,False,False,False,bearish
TIMKEN,3359.5,53490,3449.0,3335.5,3449.0,3415.96,3431.57,3418.64,3387.75,3364.47,False,False,False,bearish
JUBLINGREA,803.7,223205,809.0,780.75,788.05,799.33,805.45,809.81,812.32,812.95,False,False,False,bearish
GODREJIND,1117.2,153280,1130.6,1090.6,1130.6,1126.84,1130.61,1131.64,1132.53,1133.5,False,False,False,bearish
DCMSHRIRAM,1422.2,117831,1433.5,1348.1,1385.9,1409.7,1404.93,1393.71,1375.29,1362.19,True,True,True,bullish
DEVYANI,166.93,989838,172.4,166.61,169.5,170.12,171.96,172.42,172.14,171.75,False,False,False,bearish
IGIL,406.9,390651,409.9,392.0,395.0,404.37,401.47,397.92,393.76,391.26,True,True,True,bullish
FLUOROCHEM,3536.3,44656,3563.9,3450.0,3470.2,3524.25,3515.1,3488.72,3449.94,3424.62,True,True,True,bullish
UCOBANK,30.21,5211365,30.3,29.72,30.0,30.44,30.92,31.31,31.68,31.86,False,False,False,bearish
CUB,204.33,767549,206.9,202.44,205.09,206.69,209.37,211.34,213.03,213.87,False,False,False,bearish
JBMA,647.15,241537,650.0,633.2,636.0,648.37,648.23,647.66,647.87,648.48,False,False,False,bullish
POLYMED,1976.6,77023,1992.7,1950.2,1968.0,2009.14,2054.49,2104.08,2165.47,2204.27,False,False,False,bearish
ALOKINDS,19.42,7838884,19.64,19.2,19.49,19.78,20.19,20.57,21.01,21.28,False,False,False,bearish
INDGN,548.85,277020,551.2,543.3,549.4,551.79,557.12,562.11,567.06,569.75,False,False,False,bearish
ABREL,1943.4,77901,1978.9,1935.0,1958.9,1985.91,2044.16,2098.36,2153.1,2182.91,False,False,False,bearish
ASTRAZEN,8947.5,16758,9000.0,8865.5,8944.5,8952.17,9006.3,9056.21,9093.84,9107.08,False,False,False,bearish
BALRAMCHIN,590.15,250904,594.0,578.5,588.0,592.17,599.3,605.04,609.73,611.81,False,False,False,bearish
ATUL,6719.0,21738,6785.0,6651.0,6690.0,6714.13,6834.11,7027.94,7281.66,7442.0,False,False,False,bearish
BBTC,1939.4,75135,1983.8,1925.0,1925.0,1944.54,1957.16,1965.37,1971.14,1973.52,False,False,False,bearish
3MINDIA,30915.0,4674,31140.0,30500.0,31050.0,31035.0,30849.54,30514.61,30094.26,29838.61,True,True,True,bullish
WELSPUNLIV,136.26,1045405,136.8,132.56,133.1,136.72,138.18,139.59,141.39,142.61,False,False,False,bearish
IOB,37.92,3727233,38.08,37.34,37.55,38.23,38.66,38.93,39.13,39.23,False,False,False,bearish
RITES,262.8,533229,264.4,257.25,261.5,265.67,269.78,273.4,277.19,279.37,False,False,False,bearish
ENDURANCE,2560.6,53584,2612.0,2520.8,2539.7,2578.09,2605.72,2625.44,2638.9,2643.38,False,False,False,bearish
HONAUT,38275.0,3551,38515.0,37565.0,38180.0,38885.82,39536.64,39978.71,40363.58,40562.41,False,False,False,bearish
CONCORDBIO,1833.4,73960,1874.0,1812.1,1865.7,1866.66,1875.86,1863.76,1836.97,1816.87,False,False,True,bearish
MAPMYINDIA,1812.6,74753,1852.9,1801.0,1851.9,1827.07,1824.29,1815.92,1803.4,1794.92,False,True,True,bullish
IPCALAB,1488.5,90330,1499.9,1467.1,1482.0,1491.25,1484.41,1473.26,1458.23,1448.36,True,True,True,bullish
CRISIL,5314.5,25034,5385.0,5275.0,5379.0,5473.22,5636.08,5753.29,5854.22,5903.66,False,False,False,bearish
NIVABUPA,84.36,1560868,85.15,82.78,83.47,84.65,86.19,87.63,89.11,89.94,False,False,False,bearish
BASF,5052.5,25797,5100.0,4848.5,4870.0,5019.81,5038.81,5058.03,5086.27,5107.15,True,False,False,bearish
SAPPHIRE,326.05,393308,334.2,323.7,334.15,332.65,335.09,336.06,336.87,337.42,False,False,False,bearish
BAYERCROP,6352.0,20187,6445.0,6302.5,6330.0,6341.47,6339.67,6343.31,6351.0,6356.66,True,True,False,bullish
RHIM,495.15,256744,505.95,492.8,500.15,498.76,497.1,492.71,487.5,484.6,False,True,True,bullish
EMAMILTD,560.65,224403,564.1,553.15,560.0,567.99,575.62,582.32,590.14,595.15,False,False,False,bearish
ACE,1118.6,112164,1125.9,1077.7,1095.0,1114.25,1129.23,1151.28,1182.38,1203.45,False,False,False,bearish
IKS,1583.1,77307,1597.8,1569.6,1571.3,1588.16,1591.47,1590.77,1586.34,1582.24,False,False,True,bearish
KIRLOSENG,920.8,132864,924.0,893.55,895.05,916.88,918.73,919.56,919.2,918.47,True,True,True,bearish
RAINBOW,1525.1,78440,1561.6,1518.8,1527.8,1542.09,1542.79,1539.83,1536.84,1535.51,False,False,False,bearish
PVRINOX,988.15,120428,991.85,966.95,979.55,993.25,999.32,1002.47,1006.78,1010.32,False,False,False,bearish
ERIS,1792.1,66351,1800.0,1746.1,1781.9,1785.96,1777.94,1767.64,1754.82,1746.95,True,True,True,bullish
APOLLOTYRE,455.9,259720,458.5,449.05,451.9,454.95,455.95,459.17,465.37,470.19,False,False,False,bearish
APLLTD,1013.2,115741,1023.8,987.6,991.8,1009.41,1011.18,1006.4,993.14,981.97,True,True,True,bearish
AEGISLOG,725.05,161038,733.65,720.0,727.2,734.39,740.64,743.8,746.13,747.31,False,False,False,bearish
EMCURE,1408.9,82423,1430.0,1392.0,1430.0,1407.72,1394.51,1367.27,1324.93,1295.21,True,True,True,bullish
FINCABLES,908.25,125776,913.95,881.2,888.05,905.38,916.46,930.68,948.52,959.8,False,False,False,bearish
MAHSEAMLES,692.6,164545,697.0,674.3,685.0,699.85,706.44,708.84,709.32,709.0,False,False,False,bearish
JYOTICNC,1032.2,110147,1038.6,1002.2,1017.8,1031.15,1033.5,1033.28,1031.68,1030.48,False,True,True,bearish
KNRCON,212.52,526528,213.65,211.16,212.9,215.79,218.51,219.35,219.19,218.77,False,False,False,bearish
GICRE,371.45,297443,374.5,367.9,373.0,373.78,377.04,378.41,378.14,377.29,False,False,False,bearish
SARDAEN,446.05,245802,448.9,429.6,431.0,441.66,442.89,443.22,442.61,441.86,True,True,True,bearish
PTCIL,14753.0,7422,14850.0,14561.0,14680.0,14666.25,14608.67,14581.04,14565.03,14559.56,True,True,True,bullish
SKFINDIA,4842.4,21756,4864.9,4742.0,4824.6,4878.14,4905.1,4913.56,4919.52,4924.08,False,False,False,bearish
ZENTEC,1606.2,64039,1606.2,1606.2,1606.2,1711.03,1781.77,1825.08,1864.65,1887.13,False,False,False,bearish
NIACL,173.52,589140,177.47,168.8,174.55,176.94,180.21,182.56,184.87,186.2,False,False,False,bearish
LATENTVIEW,416.7,241005,419.0,403.1,408.2,418.67,425.47,430.42,435.35,438.29,False,False,False,bearish
JUSTDIAL,850.25,115128,859.8,845.3,856.6,855.92,869.04,886.69,908.44,921.65,False,False,False,bearish
BATAINDIA,1196.0,80803,1203.2,1187.1,1201.0,1201.25,1211.11,1225.3,1245.22,1258.65,False,False,False,bearish
COHANCE,1011.55,94992,1020.0,983.5,995.45,1017.06,1029.51,1028.96,1015.23,1001.93,False,False,True,bearish
CARBORUNIV,928.15,102872,949.4,921.15,930.5,945.85,962.81,975.39,987.73,994.79,False,False,False,bearish
SAILIFE,831.45,113636,835.0,820.75,821.0,827.7,820.98,811.4,797.18,787.18,True,True,True,bullish
JKTYRE,343.55,264776,344.5,335.1,340.0,345.5,351.84,358.04,364.61,368.37,False,False,False,bearish
LINDEINDIA,6565.0,13658,6590.0,6434.5,6501.0,6548.03,6597.9,6657.52,6721.75,6757.35,False,False,False,bearish
MANYAVAR,754.5,118333,769.0,751.85,760.0,769.16,780.8,789.49,798.59,804.06,False,False,False,bearish
WESTLIFE,760.8,116082,779.15,736.25,758.0,762.24,766.81,772.25,779.22,783.68,False,False,False,bearish
FINPIPE,209.33,420738,209.79,204.62,206.92,208.75,208.49,207.87,206.64,205.68,True,True,True,bullish
CERA,6482.5,13433,6561.0,6432.0,6535.0,6582.24,6678.34,6737.62,6788.05,6816.11,False,False,False,bearish
CAPLIPOINT,2085.7,39924,2095.9,2038.1,2042.0,2072.87,2074.4,2068.89,2056.24,2046.56,True,True,True,bearish
CLEAN,1238.4,65953,1247.7,1228.5,1239.3,1254.36,1293.79,1341.5,1397.72,1431.43,False,False,False,bearish
ALKYLAMINE,2206.7,36647,2214.0,2155.3,2160.8,2201.9,2224.33,2249.92,2281.47,2301.71,False,False,False,bearish
CAMPUS,273.35,292350,277.4,268.05,275.0,277.73,282.63,285.31,286.89,287.41,False,False,False,bearish
ASAHIINDIA,831.8,92033,835.9,819.95,820.0,836.29,838.8,835.53,825.69,817.19,False,True,True,bearish
SUNTV,574.2,133253,575.75,561.65,568.15,575.53,577.32,575.61,571.45,568.27,False,True,True,bearish
AIAENG,3183.2,23710,3234.7,3162.0,3210.0,3238.0,3291.6,3337.33,3387.6,3418.32,False,False,False,bearish
CCL,857.35,82411,879.0,834.15,843.05,851.21,857.24,865.37,874.32,879.34,True,False,False,bearish
EIHOTEL,379.0,178569,381.5,374.05,378.4,378.96,379.94,380.33,380.62,380.81,False,False,False,bearish
TRIVENI,367.5,180892,369.0,360.0,360.0,366.5,366.95,367.3,368.17,368.98,True,False,False,bearish
RENUKA,30.72,2125127,30.86,29.63,30.0,30.79,31.26,31.77,32.39,32.79,False,False,False,bearish
JYOTHYLAB,332.05,187596,334.0,328.4,332.95,335.2,339.29,343.51,348.33,351.2,False,False,False,bearish
ROUTE,910.5,66856,917.1,899.1,908.0,918.82,936.9,957.48,981.27,995.51,False,False,False,bearish
PFIZER,5277.0,11291,5314.5,5241.5,5276.5,5301.98,5325.71,5364.29,5420.59,5458.64,False,False,False,bearish
SAREGAMA,480.7,116976,482.0,466.1,474.9,483.36,488.4,492.0,496.25,499.21,False,False,False,bearish
NSLNISP,37.62,1485824,37.8,37.06,37.55,38.11,38.66,39.11,39.61,39.93,False,False,False,bearish
BLUEDART,6473.0,8153,6588.0,6450.0,6545.0,6615.33,6705.32,6738.18,6737.22,6723.73,False,False,False,bearish
ITI,300.25,175641,302.0,291.55,297.0,301.48,306.56,310.96,315.35,317.79,False,False,False,bearish
AKUMS,545.4,95286,547.65,525.25,535.0,538.54,541.25,545.05,548.65,550.34,True,False,False,bearish
GUJGASLTD,451.85,110526,457.4,450.05,452.3,458.03,463.67,467.23,470.57,472.53,False,False,False,bearish
HONASA,265.25,187555,267.3,261.55,263.1,268.1,275.25,283.32,293.01,299.03,False,False,False,bearish
VTL,460.0,106173,464.2,456.1,457.0,468.63,479.58,489.04,499.38,505.65,False,False,False,bearish
MINDACORP,512.5,94091,516.0,504.1,505.0,512.76,515.28,516.71,517.25,517.25,False,False,False,bearish
ZFCVINDIA,13251.0,3529,13383.0,13050.0,13241.0,13326.27,13302.21,13231.07,13137.05,13079.28,False,True,True,bullish
SUNDRMFAST,1004.9,43177,1010.0,978.8,983.0,1005.47,1012.21,1019.05,1026.95,1031.74,False,False,False,bearish
GSPL,320.95,131779,323.85,318.1,320.4,323.85,326.55,327.61,327.82,327.69,False,False,False,bearish
CHALET,900.05,46214,909.3,891.05,898.45,909.53,911.58,903.06,886.93,875.35,False,True,True,bearish
MMTC,66.01,571232,66.98,64.3,64.65,66.69,67.6,68.12,68.51,68.71,False,False,False,bearish
ALIVUS,1016.6,34281,1029.5,1011.0,1020.0,1023.53,1031.42,1033.76,1029.77,1024.65,False,False,False,bearish
CENTURYPLY,731.55,42921,738.0,717.75,735.0,734.89,733.94,733.26,733.62,734.34,False,False,False,bullish
INOXINDIA,1175.7,26627,1181.3,1156.0,1160.0,1187.82,1206.59,1222.28,1238.04,1246.93,False,False,False,bearish
KANSAINER,242.0,96662,243.0,240.65,240.7,243.44,245.27,246.61,247.97,248.78,False,False,False,bearish
